0,19600710,2130,30,28,2,1,3
1,19600709,1800,29,4,2,0,3
2,19600706,2030,29,30,0,3,3
3,19600706,2000,4,28,4,5,3
4,19600529,1700,29,16,3,0,0
5,19600522,1700,16,29,0,2,0
6,19600522,1700,28,5,5,1,0
7,19600508,1700,5,28,2,1,0
8,19600327,1700,22,4,2,4,0
9,19601213,1700,4,22,5,2,0
10,19601025,1700,19,28,1,1,0
11,19601018,1700,29,6,5,1,0
12,19601014,1700,1,14,3,0,0
13,19600927,1700,8,30,0,1,0
14,19600923,1700,6,29,2,2,0
15,19600923,1700,22,21,5,2,0
16,19600628,1700,14,1,2,4,0
17,19600628,1700,5,36,3,2,0
18,19600621,1700,36,5,0,2,0
19,19600531,1700,28,19,2,0,0
20,19600520,1700,21,22,0,1,0
21,19600510,1700,29,18,4,0,0
22,19600426,1700,10,16,2,0,0
23,19600405,1700,18,29,2,0,0
24,19601203,1700,12,4,1,1,0
25,19601102,1700,16,10,3,0,0
26,19601001,1700,4,12,7,1,0
27,19600928,1700,30,8,3,1,0
28,19640621,1830,1,30,2,1,3
29,19640620,2000,8,6,3,1,3
30,19640617,2230,6,30,0,3,3
31,19640617,2000,1,8,2,1,3
32,19640527,1700,30,9,3,1,0
33,19640523,1700,8,4,2,1,0
34,19640513,1700,9,30,1,1,0
35,19640425,1700,4,8,1,3,0
36,19640408,1700,18,1,0,2,0
37,19640311,1700,1,18,5,1,0
38,19641218,1700,6,26,1,0,0
39,19641210,1700,6,26,2,2,0
40,19641204,1700,26,6,3,3,0
41,19641110,1700,2,30,1,1,0
42,19641103,1700,8,36,3,3,0
43,19641030,1700,25,6,1,0,0
44,19641030,1700,3,26,1,2,0
45,19641030,1700,20,1,0,1,0
46,19641026,1700,4,19,3,1,0
47,19641019,1700,36,8,1,2,0
48,19641013,1700,18,22,3,2,0
49,19641013,1700,30,2,2,0,0
50,19640929,1700,19,4,1,0,0
51,19640925,1700,22,18,0,0,0
52,19640918,1700,9,28,3,2,0
53,19640911,1700,26,3,1,1,0
54,19640629,1700,6,25,4,0,3
55,19640619,1700,28,9,0,0,3
56,19640530,1700,1,20,1,1,0
57,19640331,1700,11,28,0,1,0
58,19640331,1700,29,36,1,1,0
59,19640331,1700,15,3,1,1,0
60,19640327,1700,10,2,0,1,0
61,19640320,1700,17,8,1,1,0
62,19640227,1700,4,7,5,2,0
63,19640123,1700,19,5,1,0,0
64,19641216,1700,5,19,3,1,0
65,19641208,1700,24,6,1,3,0
66,19641202,1700,2,10,6,0,0
67,19641128,1700,20,14,2,0,0
68,19641125,1700,16,1,3,1,0
69,19641121,1700,36,29,2,1,0
70,19641111,1700,3,15,3,1,0
71,19641107,1700,19,5,3,1,0
72,19641107,1700,8,17,3,1,0
73,19641104,1700,28,11,3,2,0
74,19641104,1700,9,21,1,1,0
75,19641101,1700,1,16,6,0,0
76,19641010,1700,14,20,0,2,0
77,19641003,1700,7,4,1,1,0
78,19640902,1700,31,18,1,1,0
79,19640812,1700,18,31,4,2,0
80,19640628,1700,6,24,6,1,3
81,19640621,1700,21,9,0,2,3
82,19680610,2115,2,28,2,0,3
83,19680608,2115,2,28,1,1,3
84,19680608,1645,7,30,2,0,3
85,19680605,2115,28,7,1,0,3
86,19680605,1800,2,30,0,0,3
87,19680511,1730,30,8,3,0,0
88,19680508,2030,1,7,1,2,0
89,19680504,1700,8,30,2,0,0
90,19680424,1630,28,4,5,1,0
91,19680420,1600,2,19,2,0,0
92,19680406,1600,19,2,3,2,0
93,19680406,1600,4,28,1,1,0
94,19680403,2045,7,1,1,0,0
95,19680228,1700,17,20,2,0,0
96,19680224,1700,13,7,1,1,0
97,19680217,1700,23,15,2,1,0
98,19681223,1700,4,26,3,1,0
99,19681223,1700,2,15,4,0,0
100,19681217,1700,25,0,0,0,0
101,19681217,1700,5,19,0,0,0
102,19681126,1700,19,5,1,0,0
103,19681122,1700,11,26,3,0,0
104,19681122,1700,29,18,1,2,0
105,19681122,1700,7,20,2,0,0
106,19681122,1700,13,17,3,2,0
107,19681118,1700,15,2,2,2,0
108,19681115,1700,10,29,0,0,0
109,19681112,1700,19,9,3,0,0
110,19681112,1700,5,21,2,1,0
111,19681112,1700,28,25,4,0,0
112,19681108,1700,15,23,5,0,0
113,19681105,1700,9,21,5,2,0
114,19681101,1700,2,23,5,0,0
115,19681031,1700,12,30,0,1,0
116,19681029,1700,36,8,1,0,0
117,19681028,1700,4,11,1,1,0
118,19681022,1700,1,29,2,1,0
119,19681021,1700,20,13,1,0,0
120,19681021,1700,17,7,0,3,0
121,19681015,1700,22,30,1,0,0
122,19681011,1700,36,6,3,2,0
123,19681008,1700,11,14,2,4,0
124,19681007,1700,0,28,3,1,0
125,19681004,1700,6,3,3,2,0
126,19681004,1700,12,22,4,1,0
127,19681001,1700,29,1,1,0,0
128,19680927,1700,8,36,3,1,0
129,19680924,1700,22,27,2,1,0
130,19680917,1700,14,4,1,4,0
131,19680913,1700,3,36,1,0,0
132,19680906,1700,27,30,2,5,0
133,19680903,1700,21,9,3,1,0
134,19680830,1700,30,27,2,0,0
135,19680716,1700,30,12,4,0,0
136,19680629,1700,21,19,0,0,3
137,19680625,1700,16,2,0,1,3
138,19680618,1700,29,10,3,0,3
139,19680611,1700,30,22,4,3,3
140,19680611,1700,9,19,0,2,3
141,19680608,1700,21,5,1,2,3
142,19680604,1700,6,36,1,1,3
143,19680601,1700,9,5,1,1,3
144,19680531,1700,1,10,2,0,0
145,19680524,1700,6,8,0,2,0
146,19680524,1700,15,16,7,1,0
147,19680521,1700,18,29,0,2,0
148,19680521,1700,14,11,3,1,0
149,19680514,1700,25,28,0,2,0
150,19680510,1700,27,12,1,1,0
151,19680510,1700,8,3,2,1,0
152,19680503,1700,28,0,1,0,0
153,19680423,1700,16,23,7,0,0
154,19680416,1700,26,14,0,0,0
155,19680415,1700,7,13,2,3,0
156,19680412,1700,20,17,0,0,0
157,19680408,1700,0,25,6,0,0
158,19680405,1700,36,3,4,3,0
159,19680322,1700,23,2,0,2,0
160,19680319,1700,26,11,0,5,0
161,19680222,1700,10,18,2,1,0
162,19680201,1700,10,1,0,0,0
163,19681207,1700,1,18,2,0,0
164,19681203,1700,23,16,1,5,0
165,19681130,1700,3,6,2,0,0
166,19681126,1700,2,16,3,1,0
167,19681126,1700,26,4,0,3,0
168,19681116,1700,7,17,5,1,0
169,19681116,1700,18,10,2,1,0
170,19681116,1700,13,20,2,1,0
171,19681113,1700,19,21,4,2,0
172,19681113,1700,5,9,1,2,0
173,19681111,1700,11,4,2,1,0
174,19681102,1700,16,15,4,2,0
175,19681023,1700,18,1,0,0,0
176,19681022,1700,4,14,2,1,0
177,19681022,1700,20,7,0,2,0
178,19681022,1700,17,13,1,1,0
179,19681016,1700,12,27,2,1,0
180,19681002,1700,27,22,0,0,0
181,19681002,1700,14,26,4,0,0
182,19680921,1700,8,6,6,0,0
183,19680907,1700,3,8,2,2,0
184,19720618,1600,0,30,3,0,3
185,19720617,2000,8,11,1,2,3
186,19720614,2000,11,0,1,2,3
187,19720614,2000,8,30,0,1,3
188,19720517,2000,8,16,2,1,0
189,19720514,1600,16,8,2,2,0
190,19720513,2000,11,2,2,1,0
191,19720513,1600,0,7,0,0,0
192,19720513,1500,30,28,3,0,0
193,19720430,1600,28,30,0,0,0
194,19720429,2045,7,0,1,3,0
195,19720429,1700,8,16,1,1,0
196,19720429,1530,2,11,0,0,0
197,19720216,1600,20,1,1,1,0
198,19721205,1330,10,14,1,0,0
199,19721204,1330,19,4,2,1,0
200,19721201,1345,12,7,0,2,0
201,19721124,2000,1,23,7,0,0
202,19721124,1300,16,17,2,0,0
203,19721121,1600,5,11,1,1,0
204,19721120,1430,2,22,2,2,0
205,19721117,2000,26,3,0,8,0
206,19721117,1500,0,14,0,0,0
207,19721114,1400,25,10,3,0,0
208,19721114,1300,16,29,2,1,0
209,19721110,2045,7,15,1,1,0
210,19721110,2030,4,19,2,1,0
211,19721110,2030,13,11,1,0,0
212,19721027,2030,1,30,0,0,0
213,19721027,1800,29,17,1,0,0
214,19721027,1730,8,21,4,0,0
215,19721027,1430,28,26,0,0,0
216,19721016,1430,28,36,0,0,0
217,19721013,2100,13,5,2,1,0
218,19721013,2030,17,27,3,0,0
219,19721013,2000,15,7,2,3,0
220,19721013,1700,20,30,1,1,0
221,19721010,1500,22,18,6,0,0
222,19721010,1430,3,36,3,2,0
223,19721010,1200,14,0,1,3,0
224,19721009,1500,4,8,0,2,0
225,19721009,1430,2,9,3,0,0
226,19720925,1730,8,19,2,0,0
227,19720922,1730,27,16,0,4,0
228,19720922,1730,30,20,1,0,0
229,19720922,1515,14,10,5,1,0
230,19720908,1900,21,4,1,3,0
231,19720904,1500,22,9,1,0,0
232,19720618,2000,12,24,2,0,3
233,19720616,1800,27,29,0,4,3
234,19720612,1530,0,25,2,0,3
235,19720609,1900,6,13,1,0,3
236,19720609,1900,21,19,1,4,3
237,19720609,1900,9,2,0,0,3
238,19720607,1730,30,23,6,1,3
239,19720530,1630,18,22,1,4,0
240,19720530,1630,30,1,2,1,0
241,19720526,1900,6,11,1,2,0
242,19720526,1900,9,22,1,0,0
243,19720526,1800,27,17,0,1,0
244,19720519,1730,19,8,3,0,0
245,19720516,1700,29,16,1,0,0
246,19720512,2230,5,6,5,0,0
247,19720512,2045,7,24,5,0,0
248,19720512,2000,15,12,1,0,0
249,19720512,1600,25,14,1,1,0
250,19720510,2000,18,2,1,2,0
251,19720509,1530,23,1,0,2,0
252,19720509,1500,36,28,1,2,0
253,19720425,1400,10,0,0,3,0
254,19720424,1630,8,4,1,1,0
255,19720424,1500,36,26,2,1,0
256,19720421,2230,5,13,2,0,0
257,19720421,2045,20,23,5,0,0
258,19720421,2030,7,12,3,0,0
259,19720421,2030,17,29,1,3,0
260,19720421,1945,15,24,5,0,0
261,19720404,1500,28,3,2,0,0
262,19720224,2030,3,26,6,0,0
263,19720217,2000,11,5,3,0,0
264,19720217,1430,25,0,0,1,0
265,19720203,2000,11,13,3,0,0
266,19720203,1500,24,7,0,1,0
267,19720203,1400,23,20,0,3,0
268,19721220,1430,24,15,1,2,0
269,19721216,1345,12,15,0,1,0
270,19721213,1330,10,25,2,1,0
271,19721208,1430,2,18,3,0,0
272,19721125,2000,11,6,2,0,0
273,19721115,1445,26,36,0,5,0
274,19721115,1430,19,21,1,1,0
275,19721115,1400,23,30,1,3,0
276,19721111,2100,13,6,1,0,0
277,19721111,2030,1,20,3,0,0
278,19721111,1830,36,3,1,0,0
279,19721111,1730,17,16,0,0,0
280,19721111,1700,4,21,3,1,0
281,19721031,1500,22,2,1,2,0
282,19721028,1900,9,18,1,0,0
283,19721017,1530,0,10,1,1,0
284,19721014,2100,18,9,1,1,0
285,19721014,1930,26,28,0,2,0
286,19721014,1900,6,5,0,1,0
287,19721014,1730,14,25,3,0,0
288,19721011,1500,24,12,1,1,0
289,19721011,1430,3,28,1,1,0
290,19721011,1430,16,27,3,0,0
291,19760620,2015,29,0,3,2,3
292,19760619,2015,3,28,3,2,3
293,19760617,2015,28,0,2,4,3
294,19760616,2015,29,3,3,1,3
295,19760522,2000,11,3,1,2,0
296,19760522,1800,30,29,2,2,0
297,19760522,1600,0,1,2,0,0
298,19760522,1600,17,28,1,1,0
299,19760425,1430,3,11,5,0,0
300,19760424,2100,1,0,1,1,0
301,19760424,1800,29,30,2,0,0
302,19760424,1730,28,17,2,0,0
303,19760228,1530,0,24,8,0,0
304,19761221,1430,24,19,0,2,0
305,19761217,2100,13,16,1,1,0
306,19761203,2200,5,23,1,0,0
307,19761123,1400,10,30,1,0,0
308,19761123,1345,23,29,0,3,0
309,19761122,1430,2,3,1,0,0
310,19761119,2200,5,7,1,1,0
311,19761119,2030,17,22,1,0,0
312,19761119,1800,28,20,1,0,0
313,19761119,1500,0,19,1,0,0
314,19761116,1300,16,1,2,2,0
315,19761115,2030,4,11,0,0,0
316,19761112,2230,5,29,1,1,0
317,19761112,1800,30,15,4,1,0
318,19761030,1400,29,7,2,1,0
319,19761029,2100,13,6,3,1,0
320,19761029,1600,18,10,4,0,0
321,19761029,1530,20,21,3,0,0
322,19761026,1400,14,2,0,0,0
323,19761019,1330,8,26,8,1,0
324,19761015,2015,3,14,3,0,0
325,19761015,1900,22,26,6,2,0
326,19761015,1800,28,9,3,0,0
327,19761012,2030,1,6,2,0,0
328,19761012,1500,15,30,0,1,0
329,19761012,1430,36,4,2,1,0
330,19761011,2030,0,12,1,1,0
331,19760927,2000,11,36,1,2,0
332,19760927,1630,2,27,0,0,0
333,19760924,1715,8,22,2,1,0
334,19760910,1730,14,3,4,1,0
335,19760906,2000,11,31,1,0,0
336,19760903,2030,4,31,3,0,0
337,19760903,2000,3,27,4,1,0
338,19760903,1900,6,13,0,1,0
339,19760903,1830,20,9,1,2,0
340,19760813,1900,21,9,0,2,0
341,19760630,1900,9,21,3,1,0
342,19760611,1600,19,24,5,0,3
343,19760609,1900,21,28,1,3,3
344,19760608,1545,23,5,0,2,3
345,19760605,2100,31,36,2,1,3
346,19760605,1800,27,2,0,1,3
347,19760604,2000,12,24,4,0,3
348,19760604,1900,9,28,1,2,3
349,19760601,1630,16,13,1,1,3
350,19760525,1500,31,4,0,0,0
351,19760521,2000,15,18,1,0,0
352,19760518,1830,30,18,2,1,0
353,19760511,1600,16,6,6,1,0
354,19760511,1545,23,7,0,1,0
355,19760510,1630,18,15,2,1,0
356,19760501,1600,26,17,1,3,0
357,19760430,2015,15,10,1,1,0
358,19760430,1700,29,5,5,0,0
359,19760427,1600,19,0,1,1,0
360,19760420,1700,29,23,4,0,0
361,19760419,1530,2,14,0,0,0
362,19760417,2030,1,16,1,1,0
363,19760416,2045,7,23,5,0,0
364,19760416,1800,20,28,1,0,0
365,19760416,1730,8,17,1,2,0
366,19760402,1930,22,8,0,0,0
367,19760402,1800,30,10,3,0,0
368,19760316,1530,26,22,1,2,0
369,19760223,1530,24,12,2,0,0
370,19760205,2030,1,13,1,1,0
371,19761222,1430,24,0,0,1,0
372,19761218,1500,12,19,2,1,0
373,19761207,1730,36,11,0,0,0
374,19761201,1900,10,15,2,1,0
375,19761120,2100,13,1,1,2,0
376,19761120,2045,7,5,0,0,0
377,19761120,2030,3,2,3,1,0
378,19761120,2030,17,26,5,0,0
379,19761120,1900,10,18,1,1,0
380,19761120,1500,12,0,2,2,0
381,19761116,2030,4,36,2,2,0
382,19761030,2045,7,29,3,0,0
383,19761030,2030,17,8,2,0,0
384,19761030,1900,28,21,3,1,0
385,19761030,1900,9,20,0,2,0
386,19761030,1600,18,30,3,0,0
387,19761013,1545,26,8,2,4,0
388,19761013,1500,19,12,3,3,0
389,19761013,1330,6,16,0,0,0
390,19761012,2000,11,4,2,1,0
391,19761012,1700,36,31,1,1,0
392,19761009,1430,14,27,3,0,0
393,19760925,1900,6,1,1,2,0
394,19760925,1730,27,3,1,3,0
395,19800622,2030,11,0,1,2,2
396,19800621,2030,29,2,2,1,2
397,19800618,2030,2,11,0,0,1
398,19800618,1745,1,7,1,2,1
399,19800617,2030,12,0,0,0,1
400,19800617,1745,3,29,1,1,1
401,19800615,2030,7,2,0,1,1
402,19800615,1745,11,1,2,1,1
403,19800614,2030,12,29,1,3,1
404,19800614,1745,0,3,3,2,1
405,19800612,2030,1,2,0,0,1
406,19800612,1745,11,7,1,1,1
407,19800611,2030,3,12,1,0,1
408,19800611,1745,29,0,0,1,1
409,19800326,1700,13,5,4,1,0
410,19800227,1700,0,24,8,0,0
411,19800206,1700,7,18,2,0,0
412,19801222,1700,0,10,2,0,0
413,19801219,1700,13,11,1,3,0
414,19801209,1700,23,1,1,3,0
415,19801124,1700,29,26,4,0,0
416,19801122,1700,7,19,2,0,0
417,19801121,1700,11,13,2,0,0
418,19801121,1700,36,3,2,3,0
419,19801121,1700,20,18,1,0,0
420,19801121,1700,5,22,1,2,0
421,19801121,1700,10,17,1,0,0
422,19801118,1700,16,23,2,0,0
423,19801117,1700,4,29,2,1,0
424,19801114,1700,28,23,5,0,0
425,19801101,1700,5,21,3,1,0
426,19801031,1700,19,6,3,0,0
427,19801031,1700,30,27,2,2,0
428,19801031,1700,28,16,2,1,0
429,19801028,1700,24,10,1,2,0
430,19801023,1700,26,9,1,1,0
431,19801017,1700,11,5,2,0,0
432,19801017,1700,0,17,5,1,0
433,19801017,1700,8,27,3,1,0
434,19801017,1700,18,19,3,0,0
435,19801017,1700,3,14,1,1,0
436,19801017,1700,20,7,1,5,0
437,19801017,1700,13,22,1,1,0
438,19801013,1700,36,15,5,2,0
439,19801010,1700,29,9,4,1,0
440,19801010,1700,14,31,2,0,0
441,19801010,1700,1,28,0,1,0
442,19800926,1700,14,36,1,1,0
443,19800912,1700,7,6,1,0,0
444,19800912,1700,12,30,1,0,0
445,19800912,1700,31,36,0,3,0
446,19800912,1700,21,11,1,2,0
447,19800912,1700,15,14,0,2,0
448,19800905,1700,31,3,0,4,0
449,19800905,1700,9,4,1,3,0
450,19800829,1700,22,21,4,0,0
451,19800704,1700,27,30,1,1,0
458,19800522,1700,15,31,2,0,0
459,19800519,1700,19,18,1,0,0
460,19800519,1700,30,8,2,2,0
461,19800513,1700,23,16,1,1,0
462,19800509,1700,21,5,0,1,0
463,19800505,1700,15,36,0,2,0
464,19800502,1700,8,12,0,0,0
465,19800502,1700,18,6,2,0,0
466,19800502,1700,20,19,2,0,0
467,19800502,1700,22,11,0,0,0
468,19800502,1700,14,3,2,0,0
469,19800502,1700,17,0,0,2,0
470,19800501,1700,26,29,0,3,0
471,19800418,1700,36,14,2,1,0
472,19800404,1700,29,4,2,0,0
473,19800404,1700,16,1,2,2,0
474,19800401,1700,23,28,0,3,0
475,19800401,1700,10,0,0,0,0
476,19800328,1700,11,22,1,1,0
477,19800328,1700,3,15,3,0,0
478,19800318,1700,10,24,2,1,0
479,19800225,1700,4,26,3,0,0
480,19800225,1700,24,0,0,0,0
481,19800207,1700,7,20,4,0,0
482,19801213,1700,1,23,5,0,0
483,19801129,1700,19,20,0,2,0
484,19801129,1700,5,13,1,0,0
485,19801129,1700,17,10,1,0,0
486,19801115,1700,3,36,3,0,0
487,19801115,1700,22,5,1,2,0
488,19801115,1700,14,15,2,0,0
489,19801115,1700,1,16,1,0,0
490,19801029,1700,12,8,4,1,0
491,19801025,1700,18,7,1,1,0
492,19801025,1700,20,6,2,1,0
493,19801025,1700,16,28,3,2,0
494,19801025,1700,13,21,3,2,0
495,19801025,1700,17,24,7,0,0
496,19801011,1700,6,19,2,2,0
497,19801011,1700,12,27,8,1,0
498,19801011,1700,8,30,2,0,0
499,19801011,1700,5,11,1,1,0
500,19801011,1700,15,3,1,3,0
501,19840627,2000,4,1,2,0,2
502,19840624,2000,1,6,2,1,2
503,19840623,2000,4,5,3,2,2
504,19840620,2030,0,1,0,1,1
505,19840620,2030,5,16,1,0,1
506,19840619,2030,6,11,3,2,1
507,19840619,2030,4,28,3,2,1
508,19840617,2030,5,1,1,1,1
509,19840617,1715,0,16,2,1,1
510,19840616,2030,6,28,5,0,1
511,19840616,1715,4,11,5,0,1
512,19840614,2030,16,1,1,1,1
513,19840614,1715,0,5,0,0,1
514,19840613,2030,11,28,2,0,1
515,19840612,2030,4,6,1,0,1
516,19841222,1700,2,23,3,1,0
517,19841221,1700,1,24,12,1,0
518,19841221,1700,28,19,3,2,0
519,19841217,1700,3,24,5,0,0
520,19841214,1700,12,26,1,0,0
521,19841214,1700,17,28,1,1,0
522,19841203,1700,12,8,2,2,0
523,19841130,1700,29,16,1,1,0
524,19841120,1700,0,25,2,1,0
525,19841116,1700,19,17,1,0,0
526,19841116,1700,29,2,2,0,0
527,19841116,1700,0,20,0,1,0
528,19841116,1700,36,13,2,1,0
529,19841116,1700,12,6,0,2,0
530,19841116,1700,18,24,8,0,0
531,19841116,1700,26,7,0,4,0
532,19841116,1700,3,1,2,1,0
533,19841116,1700,10,22,3,1,0
534,19841113,1700,5,30,1,0,0
535,19841112,1700,23,16,0,1,0
536,19841109,1700,15,11,3,1,0
537,19841028,1700,14,5,0,1,0
538,19841026,1700,0,10,5,1,0
539,19841026,1700,8,6,1,0,0
540,19841015,1700,2,9,0,3,0
541,19841012,1700,6,26,6,0,0
542,19841012,1700,36,15,3,0,0
543,19841012,1700,8,7,0,3,0
544,19841012,1700,18,3,2,3,0
545,19841012,1700,13,11,1,1,0
546,19841012,1700,10,20,1,0,0
547,19841012,1700,28,21,2,1,0
548,19841009,1700,30,14,2,0,0
549,19841005,1700,0,22,3,0,0
550,19840921,1700,7,6,0,1,0
551,19840921,1700,31,18,0,3,0
552,19840921,1700,20,22,3,1,0
553,19840921,1700,21,17,0,0,0
554,19840921,1700,5,27,5,0,0
555,19840921,1700,9,29,1,0,0
556,19840907,1700,3,31,3,0,0
557,19840907,1700,21,19,1,2,0
558,19840609,1700,9,16,0,1,0
559,19840608,1700,25,22,1,2,0
560,19840605,1700,31,24,1,0,0
561,19840601,1700,6,8,3,1,0
562,19840601,1700,27,30,0,1,0
563,19840529,1700,31,1,0,1,0
564,19840529,1700,9,2,2,0,0
565,19840522,1700,14,30,1,1,0
566,19840515,1700,8,12,2,3,0
567,19840515,1700,24,1,2,3,0
568,19840515,1700,16,29,0,1,0
569,19840515,1700,9,23,5,0,0
570,19840514,1700,15,36,0,0,0
571,19840511,1700,25,10,1,1,0
572,19840427,1700,11,36,2,1,0
573,19840427,1700,6,12,1,0,0
574,19840427,1700,7,8,2,0,0
575,19840427,1700,20,25,1,0,0
576,19840427,1700,22,0,0,0,0
577,19840427,1700,30,5,5,0,0
578,19840427,1700,1,18,2,0,0
579,19840427,1700,17,19,1,0,0
580,19840423,1700,10,0,0,3,0
581,19840417,1700,8,26,6,2,0
582,19840417,1700,14,27,1,1,0
583,19840416,1700,29,23,6,0,0
584,19840416,1700,16,2,1,0,0
585,19840330,1700,25,0,1,2,0
586,19840330,1700,7,12,0,0,0
587,19840330,1700,36,11,1,2,0
588,19840330,1700,24,18,0,1,0
589,19840330,1700,20,10,2,1,0
590,19840330,1700,13,15,2,2,0
591,19840327,1700,23,29,1,1,0
592,19840327,1700,26,8,2,6,0
593,19840216,1700,1,3,1,0,0
594,19840212,1700,23,2,1,1,0
595,19841219,1700,24,3,0,6,0
596,19841215,1700,25,20,0,0,0
597,19841215,1700,11,13,3,2,0
598,19841215,1700,7,26,9,0,0
599,19841215,1700,28,17,4,4,0
600,19841204,1700,2,16,0,0,0
601,19841117,1700,19,28,0,1,0
602,19841117,1700,12,7,0,3,0
603,19841117,1700,18,1,3,3,0
604,19841117,1700,20,0,1,0,0
605,19841117,1700,22,10,4,0,0
606,19841117,1700,15,13,2,0,0
607,19841113,1700,23,9,0,1,0
608,19841113,1700,2,29,2,2,0
609,19880625,1530,30,3,0,2,2
610,19880622,2015,30,2,2,0,2
611,19880621,2015,0,3,1,2,2
612,19880618,1530,7,30,1,3,1
613,19880618,1530,18,3,0,1,1
614,19880617,2015,0,1,2,0,1
615,19880617,2015,2,6,2,0,1
616,19880615,2015,18,30,1,1,1
617,19880615,1715,7,3,1,3,1
618,19880614,2015,2,1,1,0,1
619,19880614,1715,0,6,2,0,1
620,19880612,2015,3,30,0,1,1
621,19880612,1530,7,18,0,1,1
622,19880611,1530,6,1,2,3,1
623,19880610,2015,0,2,1,1,1
624,19881220,1700,24,5,0,1,0
625,19881216,1700,12,3,0,3,0
626,19881216,1700,10,28,2,3,0
627,19881209,1700,3,23,4,0,0
628,19881205,1700,2,5,3,0,0
629,19881202,1700,8,23,1,0,0
630,19881202,1700,26,13,0,0,0
631,19881118,1700,4,36,0,1,0
632,19881118,1700,22,16,0,0,0
633,19881118,1700,1,25,5,0,0
634,19881115,1700,24,15,1,1,0
635,19881114,1700,2,9,2,1,0
636,19881111,1700,11,26,3,0,0
637,19881111,1700,19,13,0,1,0
638,19881111,1700,23,14,0,1,0
639,19881111,1700,29,17,2,0,0
640,19881111,1700,20,10,1,0,0
641,19881111,1700,5,15,0,0,0
642,19881111,1700,28,7,1,4,0
643,19881028,1700,25,16,0,1,0
644,19881028,1700,36,21,3,1,0
645,19881028,1700,30,31,2,0,0
646,19881017,1700,15,2,0,0,0
647,19881014,1700,6,17,1,0,0
648,19881014,1700,7,10,8,0,0
649,19881014,1700,4,21,1,1,0
650,19881014,1700,8,12,3,0,0
651,19881014,1700,18,19,2,0,0
652,19881014,1700,14,3,0,2,0
653,19881014,1700,13,11,2,0,0
654,19881014,1700,1,22,2,0,0
655,19881014,1700,28,20,3,0,0
656,19881010,1700,36,30,1,1,0
657,19880923,1700,19,11,2,0,0
658,19880923,1700,21,31,0,1,0
659,19880923,1700,14,8,3,2,0
660,19880923,1700,9,5,0,1,0
661,19880909,1700,27,29,3,0,0
662,19880909,1700,18,26,2,1,0
663,19880909,1700,31,21,2,1,0
664,19880909,1700,30,4,1,1,0
665,19880909,1700,17,6,1,0,0
666,19880617,1700,15,9,1,1,1
667,19880616,1700,21,4,2,0,1
668,19880603,1700,6,29,1,1,0
669,19880603,1700,31,36,0,6,0
670,19880603,1700,21,30,0,1,0
671,19880603,1700,9,2,1,0,0
672,19880528,1700,26,18,0,2,0
673,19880523,1700,9,24,1,0,0
674,19880520,1700,19,26,3,0,0
675,19880517,1700,8,14,5,3,0
676,19880430,1700,26,19,1,4,0
677,19880429,1700,25,22,0,1,0
678,19880429,1700,27,6,0,1,0
679,19880429,1700,4,31,2,0,0
680,19880429,1700,12,14,1,0,0
681,19880429,1700,18,11,0,0,0
682,19880429,1700,3,8,2,0,0
683,19880429,1700,20,28,1,2,0
684,19880429,1700,16,1,3,1,0
685,19880429,1700,30,36,2,0,0
686,19880429,1700,10,7,0,0,0
687,19880429,1700,17,29,1,1,0
688,19880415,1700,15,24,4,1,0
689,19880412,1700,14,23,0,0,0
690,19880401,1700,11,13,4,1,0
691,19880401,1700,19,18,2,1,0
692,19880401,1700,20,7,0,2,0
693,19880401,1700,22,1,2,3,0
694,19880401,1700,17,27,4,0,0
695,19880329,1700,5,24,2,2,0
696,19880325,1700,3,12,1,1,0
697,19880325,1700,16,25,5,1,0
698,19880218,1700,13,18,0,1,0
699,19880214,1700,5,2,0,1,0
700,19880208,1700,23,8,0,1,0
701,19880124,1700,2,24,5,0,0
702,19880114,1700,12,23,3,1,0
703,19881221,1700,23,3,0,2,0
704,19881203,1700,25,1,1,2,0
705,19881203,1700,23,12,2,4,0
706,19881119,1700,11,19,1,1,0
707,19881119,1700,36,4,0,0,0
708,19881119,1700,3,14,0,0,0
709,19881116,1700,24,2,0,2,0
710,19881116,1700,24,9,0,5,0
711,19881115,1700,2,15,3,2,0
712,19881112,1700,29,6,0,0,0
713,19881112,1700,7,28,2,0,0
714,19881112,1700,12,8,2,1,0
715,19881112,1700,13,26,3,0,0
716,19881112,1700,1,16,1,0,0
717,19881112,1700,10,20,0,0,0
718,19920626,2015,6,0,2,0,2
719,19920622,2015,3,6,2,3,2
720,19920621,2015,9,0,2,3,2
721,19920618,2015,3,0,3,1,1
722,19920618,2015,13,30,3,0,1
723,19920617,2015,4,6,1,2,1
724,19920617,2015,9,7,2,1,1
725,19920615,2015,3,30,0,0,1
726,19920615,1715,13,0,0,2,1
727,19920614,2015,9,6,1,0,1
728,19920614,1715,4,7,0,0,1
729,19920612,2015,30,0,1,1,1
730,19920612,1715,3,13,1,0,1
731,19920611,2015,6,7,0,0,1
732,19920610,2015,9,4,1,1,1
733,19921222,1430,24,12,1,1,0
734,19921221,1430,2,23,2,0,0
735,19921218,2015,0,26,4,0,0
736,19921204,1700,12,3,0,2,0
737,19921120,2230,5,12,1,0,0
738,19921120,2045,4,31,3,1,0
739,19921120,2000,11,0,0,1,0
740,19921120,1700,19,16,1,1,0
741,19921113,2030,1,29,2,1,0
742,19921113,2030,17,26,1,0,0
743,19921113,2000,13,44,4,0,0
744,19921113,1930,6,20,2,1,0
745,19921113,1930,22,28,0,2,0
746,19921113,1915,2,21,1,1,0
747,19921113,1830,14,7,1,1,0
748,19921113,1830,10,18,1,3,0
749,19921113,1700,16,15,1,0,0
750,19921113,1400,23,30,0,3,0
751,19921030,2000,8,21,0,0,0
752,19921030,1700,12,27,2,0,0
753,19921016,2100,7,10,1,0,0
754,19921016,2030,20,22,2,1,0
755,19921016,2015,0,17,4,1,0
756,19921016,2000,48,28,0,2,0
757,19921016,2000,3,5,1,0,0
758,19921016,1700,19,44,4,0,0
759,19921016,1700,14,18,3,3,0
760,19921016,1700,16,13,1,0,0
761,19921016,1500,29,25,2,1,0
762,19921012,2030,1,4,1,2,0
763,19921012,1700,30,2,0,0,0
764,19921009,1930,22,6,0,3,0
765,19921009,1800,27,12,1,1,0
766,19920925,2000,48,6,0,4,0
767,19920925,1815,31,1,2,0,0
768,19920925,1700,30,8,2,2,0
769,19920911,2230,5,27,1,0,0
770,19920911,2015,15,13,2,2,0
771,19920911,2000,48,20,0,5,0
772,19920904,1830,29,4,1,2,0
773,19920828,1900,21,30,0,1,0
774,19920611,2000,26,11,0,2,1
775,19920605,2100,31,29,0,1,0
776,19920605,2030,15,44,7,0,0
777,19920605,2015,17,0,1,0,0
778,19920605,1900,21,2,2,1,0
779,19920605,1800,27,3,1,1,0
780,19920605,1600,6,22,2,1,0
781,19920529,1700,30,23,4,0,0
782,19920526,1700,25,31,1,0,0
783,19920522,2000,44,19,0,3,0
784,19920522,1900,22,48,3,0,0
785,19920516,2000,28,48,7,0,0
786,19920516,1800,27,24,2,0,0
787,19920501,2100,20,48,1,1,0
788,19920501,2015,2,8,3,1,0
789,19920501,2000,44,13,0,2,0
790,19920501,2000,28,6,1,2,0
791,19920501,1900,21,23,3,0,0
792,19920501,1815,0,11,1,0,0
793,19920501,1700,19,15,2,3,0
794,19920501,1700,10,7,0,1,0
795,19920501,1630,25,29,0,2,0
796,19920501,1500,18,14,0,0,0
797,19920417,2000,3,27,2,0,0
798,19920417,2000,14,10,3,0,0
799,19920417,1900,8,30,0,1,0
800,19920403,2015,15,16,0,0,0
801,19920403,1400,23,8,0,2,0
802,19920330,2045,4,25,5,0,0
803,19920327,2100,7,18,1,1,0
804,19920327,2100,13,19,1,1,0
805,19920327,2015,44,16,1,3,0
806,19920327,2000,11,17,1,1,0
807,19920327,1715,28,20,4,1,0
808,19920313,2000,3,24,1,0,0
809,19920227,2000,11,26,3,0,0
810,19920220,2230,5,24,5,0,0
811,19920220,2045,4,1,3,1,0
812,19920209,1515,24,5,0,1,0
813,19920123,1730,12,5,3,2,0
814,19921222,1400,23,2,0,4,0
815,19921219,2030,1,25,9,0,0
816,19921219,1430,24,3,0,8,0
817,19921205,1700,16,44,6,0,0
818,19921125,1430,24,27,1,1,0
819,19921121,1800,3,12,2,0,0
820,19921117,1400,25,4,0,1,0
821,19960630,2000,0,33,2,1,2
822,19960626,2030,0,7,2,1,2
823,19960626,1700,4,33,0,1,2
824,19960623,1930,33,5,1,0,2
825,19960623,1600,0,32,2,1,2
826,19960622,1930,4,3,1,0,2
827,19960622,1600,1,7,0,1,2
828,19960619,2030,2,0,0,0,1
829,19960619,2030,34,33,3,3,1
830,19960619,1730,32,5,0,3,1
831,19960619,1730,10,6,0,3,1
832,19960618,2030,3,7,1,4,1
833,19960618,2030,13,15,1,0,1
834,19960618,1730,4,19,3,1,1
835,19960618,1730,16,1,1,2,1
836,19960616,1900,32,6,3,0,1
837,19960616,1600,34,0,0,3,1
838,19960615,1900,4,1,1,1,1
839,19960615,1600,13,7,0,2,1
840,19960614,2030,33,2,2,1,1
841,19960614,1730,5,10,1,0,1
842,19960613,2030,15,3,0,2,1
843,19960613,1730,19,16,1,0,1
844,19960611,2030,10,32,0,1,1
845,19960611,1730,2,34,2,1,1
846,19960610,2030,16,4,0,1,1
847,19960610,1730,3,13,0,0,1
848,19960609,2030,6,5,1,1,1
849,19960609,1800,0,33,2,0,1
850,19960609,1530,1,19,1,1,1
851,19960608,1600,7,15,1,1,1
852,19961213,0,3,18,2,0,0
853,19961115,0,25,17,1,1,0
854,19961115,0,39,14,0,0,0
855,19961115,0,23,11,1,1,0
856,19961115,0,6,49,3,1,0
857,19961115,0,0,19,3,1,0
858,19961115,0,4,47,2,0,0
859,19961115,0,12,48,5,0,0
860,19961115,0,2,52,4,0,0
861,19961115,0,51,40,3,2,0
862,19961115,0,3,21,3,0,0
863,19961115,0,20,22,5,3,0
864,19961115,0,5,18,3,0,0
865,19961115,0,34,27,3,1,0
866,19961115,0,13,44,5,0,0
867,19961115,0,35,32,1,2,0
868,19961115,0,38,16,0,2,0
869,19961115,0,1,43,3,0,0
870,19961115,0,33,26,3,0,0
871,19961115,0,9,10,2,2,0
872,19961112,0,24,54,0,2,0
873,19961111,0,8,31,1,0,0
874,19961111,0,2,37,3,1,0
875,19961011,0,23,43,1,1,0
876,19961011,0,6,1,1,1,0
877,19961011,0,40,19,2,1,0
878,19961011,0,18,45,2,1,0
879,19961011,0,31,10,0,0,0
880,19961011,0,47,39,2,0,0
881,19961011,0,42,20,0,4,0
882,19961011,0,52,53,5,0,0
883,19961011,0,26,54,0,0,0
884,19961011,0,24,3,0,4,0
885,19961011,0,22,5,1,1,0
886,19961011,0,16,4,1,3,0
887,19961011,0,34,12,2,1,0
888,19961011,0,44,48,1,3,0
889,19961011,0,35,37,3,2,0
890,19961011,0,38,14,4,1,0
891,19961011,0,17,0,1,2,0
892,19961011,0,15,8,3,0,0
893,19961008,0,0,51,6,1,0
894,19961008,0,32,2,1,1,0
895,19961007,0,49,11,0,2,0
896,19961007,0,54,33,0,2,0
897,19961007,0,19,25,3,0,0
898,19960906,0,25,19,1,1,0
899,19960906,0,11,6,1,3,0
900,19960906,0,0,40,4,1,0
901,19960906,0,48,34,2,5,0
902,19960906,0,4,39,10,0,0
903,19960906,0,2,35,1,0,0
904,19960906,0,45,42,1,0,0
905,19960906,0,52,37,1,3,0
906,19960906,0,26,24,1,0,0
907,19960906,0,3,54,1,0,0
908,19960906,0,43,49,1,2,0
909,19960906,0,22,18,3,1,0
910,19960906,0,14,16,0,0,0
911,19960906,0,44,12,0,4,0
912,19960906,0,13,27,1,0,0
913,19960906,0,38,47,1,0,0
914,19960906,0,1,23,6,0,0
915,19960906,0,33,21,2,0,0
916,19960906,0,10,8,2,0,0
917,19960906,0,17,51,1,0,0
918,19960906,0,9,15,0,0,0
919,19960903,0,32,53,7,1,0
920,19960903,0,5,20,1,1,0
921,19960816,0,49,6,0,2,0
922,19960816,0,39,38,0,1,0
923,19960816,0,53,52,0,1,0
924,19960816,0,27,34,0,6,0
925,19960816,0,4,14,1,1,0
926,19960816,0,31,15,0,2,0
927,19960816,0,45,22,3,2,0
928,19960816,0,21,33,1,1,0
929,19960816,0,13,12,1,0,0
930,19960815,0,42,5,0,7,0
931,19960611,0,53,35,1,3,1
932,19960611,0,27,12,2,1,1
933,19960611,0,18,22,1,3,1
934,19960611,0,31,8,2,1,1
935,19960611,0,37,32,1,0,1
936,20000702,2000,4,2,2,1,2
937,20000629,1800,2,3,1,0,2
938,20000628,2045,4,5,2,1,2
939,20000625,2045,1,4,1,2,2
940,20000625,1800,3,28,6,1,2
941,20000624,2045,2,16,2,0,2
942,20000624,1800,10,5,0,2,2
943,20000621,2045,6,33,0,2,2
944,20000621,2045,4,3,2,3,2
945,20000621,1800,35,21,0,0,2
946,20000621,1800,28,1,3,4,2
947,20000620,2045,7,16,2,3,1
948,20000620,2045,5,0,3,0,1
949,20000619,2045,2,9,2,1,1
950,20000619,2045,10,11,2,0,1
951,20000618,2045,21,28,0,1,1
952,20000618,1800,35,1,1,2,1
953,20000617,2045,7,0,1,0,1
954,20000617,1800,16,5,0,1,1
955,20000616,2045,6,3,0,3,1
956,20000616,1800,33,4,1,2,1
957,20000615,2045,9,10,0,0,1
958,20000614,2045,2,11,2,0,1
959,20000613,2045,28,35,3,3,1
960,20000613,1800,1,21,0,1,1
961,20000612,2045,5,7,3,2,1
962,20000612,1800,0,16,1,1,1
963,20000611,2045,3,33,1,0,1
964,20000611,1800,4,6,3,0,1
965,20000611,1430,10,2,1,2,1
966,20000610,2045,11,9,2,1,1
967,20001117,0,6,47,3,0,0
968,20001117,0,7,13,0,1,0
969,20001117,0,37,35,1,1,0
970,20001117,0,10,18,0,0,0
971,20001113,0,18,10,1,1,0
972,20001113,0,47,6,0,5,0
973,20001113,0,13,7,0,2,0
974,20001113,0,35,37,2,1,0
975,20001010,1200,19,26,3,0,0
976,20001010,1200,22,23,3,1,0
977,20001010,1200,1,47,3,0,0
978,20001009,0,25,40,2,1,0
979,20001009,0,46,49,0,3,0
980,20001009,0,39,38,0,1,0
981,20001009,0,54,2,0,0,0
982,20001009,0,0,10,0,0,0
983,20001009,0,53,41,1,4,0
984,20001009,0,27,20,4,1,0
985,20001009,0,4,31,3,2,0
986,20001009,0,32,28,2,2,0
987,20001009,0,45,21,1,2,0
988,20001009,0,42,16,0,3,0
989,20001009,0,43,18,1,1,0
990,20001009,0,5,8,3,0,0
991,20001009,0,34,37,1,1,0
992,20001009,0,13,52,3,0,0
993,20001009,0,35,12,0,3,0
994,20001009,0,33,48,2,0,0
995,20001009,0,17,15,0,2,0
996,20001009,0,9,14,2,0,0
997,20001006,0,12,25,2,0,0
998,20001005,0,13,41,1,0,0
999,20000908,0,46,34,1,2,0
1000,20000908,0,49,4,2,3,0
1001,20000908,0,0,20,4,0,0
1002,20000908,0,53,13,0,0,0
1003,20000908,0,48,52,0,1,0
1004,20000908,0,40,45,2,2,0
1005,20000908,0,8,39,3,0,0
1006,20000908,0,31,37,0,1,0
1007,20000908,0,47,44,8,0,0
1008,20000908,0,2,6,2,3,0
1009,20000908,0,26,9,0,1,0
1010,20000908,0,24,18,2,3,0
1011,20000908,0,51,10,1,1,0
1012,20000908,0,43,28,2,4,0
1013,20000908,0,21,35,4,0,0
1014,20000908,0,14,7,0,0,0
1015,20000908,0,16,5,1,1,0
1016,20000908,0,38,42,2,0,0
1017,20000908,0,1,23,8,0,0
1018,20000908,0,33,41,3,0,0
1019,20000908,0,15,54,2,0,0
1020,20000905,0,23,47,3,2,0
1021,20000905,0,28,43,3,1,0
1022,20000904,0,25,45,3,3,0
1023,20000904,0,39,5,1,1,0
1024,20000904,0,54,17,1,2,0
1025,20000904,0,41,13,1,2,0
1026,20000904,0,6,15,2,1,0
1027,20000904,0,7,26,6,0,0
1028,20000904,0,48,53,0,2,0
1029,20000904,0,27,0,1,2,0
1030,20000904,0,31,46,3,0,0
1031,20000904,0,32,18,1,0,0
1032,20000904,0,42,8,0,0,0
1033,20000904,0,52,33,0,4,0
1034,20000904,0,20,10,0,3,0
1035,20000904,0,21,12,1,0,0
1036,20000904,0,37,4,0,0,0
1037,20000904,0,22,1,1,3,0
1038,20000904,0,34,49,2,0,0
1039,20000904,0,35,40,2,1,0
1040,20000904,0,38,16,1,5,0
1041,20000904,0,9,19,1,0,0
1042,20000901,0,18,28,2,1,0
1043,20000821,0,32,24,2,1,0
1044,20040704,2045,5,12,0,1,2
1045,20040701,2045,12,33,1,0,2
1046,20040630,2045,5,3,2,1,2
1047,20040627,2045,33,6,3,0,2
1048,20040626,2045,9,3,0,1,2
1049,20040625,2045,4,12,0,1,2
1050,20040624,2045,5,7,3,2,2
1051,20040623,2045,0,33,1,2,1
1052,20040623,2045,3,45,3,0,1
1053,20040622,2045,6,9,2,2,1
1054,20040622,2045,2,19,2,1,1
1055,20040621,2045,32,7,2,4,1
1056,20040621,2045,15,4,1,3,1
1057,20040620,2045,34,12,2,1,1
1058,20040620,2045,1,5,0,1,1
1059,20040619,2045,3,33,2,3,1
1060,20040619,1800,45,0,0,0,1
1061,20040618,2045,2,9,1,1,1
1062,20040618,1800,19,6,0,2,1
1063,20040617,2045,32,4,2,2,1
1064,20040617,1800,7,15,3,0,1
1065,20040616,2045,34,5,0,2,1
1066,20040616,1800,12,1,1,1,1
1067,20040615,2045,0,3,1,1,1
1068,20040615,1800,33,45,2,1,1
1069,20040614,2045,9,19,5,0,1
1070,20040614,1800,6,2,0,0,1
1071,20040613,2045,4,7,2,1,1
1072,20040613,1800,15,32,0,0,1
1073,20040612,2045,1,34,1,0,1
1074,20040612,1800,5,12,1,2,1
1075,20041119,2030,3,13,6,0,0
1076,20041119,2030,17,34,0,1,0
1077,20041119,1930,21,1,0,3,0
1078,20041119,1930,10,45,2,2,0
1079,20041119,1730,35,32,0,1,0
1080,20041115,2200,1,21,2,1,0
1081,20041115,1915,45,10,1,0,0
1082,20041115,1730,32,35,1,1,0
1083,20041115,1700,34,17,0,0,0
1084,20041115,1600,13,3,1,0,0
1085,20041011,2045,4,47,3,0,0
1086,20041011,2045,2,39,4,0,0
1087,20041011,2045,17,59,2,3,0
1088,20041011,2030,3,51,5,0,0
1089,20041011,2015,11,53,2,0,0
1090,20041011,2015,32,19,1,0,0
1091,20041011,2000,42,38,0,2,0
1092,20041011,1900,10,7,0,0,0
1093,20041011,1830,23,35,2,2,0
1094,20041011,1800,49,1,0,4,0
1095,20041011,1800,41,6,1,1,0
1096,20041011,1800,12,20,1,0,0
1097,20041011,1800,21,26,1,0,0
1098,20041011,1730,34,40,3,1,0
1099,20041011,1730,15,18,2,0,0
1100,20041011,1700,0,31,3,0,0
1101,20041011,1700,8,14,1,2,0
1102,20041011,1700,22,33,2,3,0
1103,20041011,1700,13,52,1,0,0
1104,20041011,1700,9,45,0,1,0
1105,20040910,2145,1,37,2,1,0
1106,20040910,2100,7,42,2,0,0
1107,20040910,2100,20,49,0,1,0
1108,20040910,2045,0,13,2,1,0
1109,20040910,2045,59,2,1,1,0
1110,20040910,2045,35,4,0,2,0
1111,20040910,2045,17,27,1,1,0
1112,20040910,2015,11,32,2,1,0
1113,20040910,2015,14,9,0,2,0
1114,20040910,2015,38,43,1,1,0
1115,20040910,2015,33,3,3,1,0
1116,20040910,2000,25,40,3,1,0
1117,20040910,2000,45,8,3,1,0
1118,20040910,2000,26,41,0,1,0
1119,20040910,1930,48,52,1,3,0
1120,20040910,1915,6,16,2,2,0
1121,20040910,1800,51,54,2,1,0
1122,20040910,1800,34,15,4,1,0
1123,20040910,1730,46,19,0,3,0
1124,20040910,1700,47,24,2,2,0
1125,20040906,2045,4,23,5,0,0
1126,20040906,2045,2,17,4,0,0
1127,20040906,2030,3,22,3,1,0
1128,20040906,2015,41,21,1,0,0
1129,20040906,2015,35,47,3,1,0
1130,20040906,2000,42,10,0,3,0
1131,20040906,1930,31,0,0,0,0
1132,20040906,1930,45,14,0,2,0
1133,20040906,1830,43,7,1,2,0
1134,20040906,1830,16,26,4,0,0
1135,20040906,1815,37,20,0,0,0
1136,20040906,1800,49,12,0,1,0
1137,20040906,1730,54,33,1,3,0
1138,20040906,1700,19,53,2,0,0
1139,20040906,1700,40,25,3,0,0
1140,20040906,1700,18,34,1,1,0
1141,20040906,1600,46,32,0,3,0
1142,20040906,1600,39,27,1,2,0
1143,20040906,1600,13,48,3,1,0
1144,20040906,1600,9,44,5,0,0
1145,20040820,2015,59,17,1,0,0
1146,20040820,2000,48,31,1,2,0
1147,20080629,2045,0,1,0,1,2
1148,20080626,2045,34,1,0,3,2
1149,20080625,2045,0,10,3,2,2
1150,20080622,2045,1,2,1,0,2
1151,20080621,2045,3,34,1,3,2
1152,20080620,2045,32,10,1,2,2
1153,20080619,2045,5,0,2,3,2
1154,20080618,2045,12,1,1,2,1
1155,20080618,2045,34,9,2,0,1
1156,20080617,2045,4,2,0,2,1
1157,20080617,2045,3,16,2,0,1
1158,20080616,2045,22,0,0,1,1
1159,20080616,2045,14,32,0,1,1
1160,20080615,2045,10,33,3,2,1
1161,20080615,2045,15,5,2,0,1
1162,20080614,2045,12,34,0,1,1
1163,20080614,1800,9,1,1,2,1
1164,20080613,2045,3,4,4,1,1
1165,20080613,1800,2,16,1,1,1
1166,20080612,2045,22,14,1,1,1
1167,20080612,1800,32,0,2,1,1
1168,20080611,2045,15,10,1,2,1
1169,20080611,1800,33,5,1,3,1
1170,20080610,2045,12,9,0,2,1
1171,20080610,1800,1,34,4,1,1
1172,20080609,2045,3,2,3,0,1
1173,20080609,1800,16,4,0,0,1
1174,20080608,2045,0,14,2,0,1
1175,20080608,1800,22,32,0,1,1
1176,20080607,2045,5,10,2,0,1
1177,20080607,1800,15,33,0,1,1
1178,20081124,1800,50,55,1,0,0
1179,20081121,2100,46,34,0,1,0
1180,20081121,2100,7,32,2,3,0
1181,20081121,2045,5,27,0,0,0
1182,20081121,2045,50,14,2,2,0
1183,20081121,2035,0,17,0,0,0
1184,20081121,2035,37,4,2,2,0
1185,20081121,2030,2,48,3,1,0
1186,20081121,2030,44,38,0,5,0
1187,20081121,2015,8,12,1,2,0
1188,20081121,2000,6,31,3,0,0
1189,20081121,2000,24,21,1,4,0
1190,20081121,2000,1,20,1,0,0
1191,20081121,2000,10,41,1,0,0
1192,20081121,2000,9,45,2,1,0
1193,20081121,1800,39,11,0,1,0
1194,20081121,1800,54,3,2,1,0
1195,20081121,1800,47,43,1,0,0
1196,20081121,1800,35,19,0,2,0
1197,20081121,1730,23,33,0,2,0
1198,20081121,1700,16,25,6,1,0
1199,20081121,1630,40,52,0,2,0
1200,20081121,1600,49,55,0,1,0
1201,20081117,2200,5,49,1,0,0
1202,20081117,2200,1,9,3,0,0
1203,20081117,2045,20,6,2,1,0
1204,20081117,2030,12,24,5,0,0
1205,20081117,2030,3,26,1,0,0
1206,20081117,2030,14,11,2,0,0
1207,20081117,2030,33,38,3,1,0
1208,20081117,2015,0,23,4,0,0
1209,20081117,2000,25,54,2,4,0
1210,20081117,2000,43,32,2,0,0
1211,20081117,1900,47,34,2,1,0
1212,20081117,1900,52,37,2,0,0
1213,20081117,1900,21,10,1,2,0
1214,20081117,1800,46,53,0,2,0
1215,20081117,1800,51,8,3,0,0
1216,20081117,1800,13,2,1,2,0
1217,20081117,1700,19,16,1,0,0
1218,20081117,1700,45,42,4,1,0
1219,20081117,1600,17,18,2,2,0
1220,20081117,1500,27,39,2,1,0
1221,20081017,2100,4,52,2,0,0
1222,20081017,2045,25,19,1,1,0
1223,20081017,2045,11,49,3,0,0
1224,20081017,2045,0,33,0,3,0
1225,20081017,2030,41,21,0,2,0
1226,20081017,2030,18,23,1,1,0
1227,20081017,2030,3,35,2,0,0
1228,20081017,2030,9,20,1,1,0
1229,20081017,2015,26,16,0,2,0
1230,20081017,2015,44,17,1,2,0
1231,20081017,2000,6,45,3,1,0
1232,20081017,2000,42,31,3,0,0
1233,20081017,2000,43,46,3,0,0
1234,20081017,1930,24,51,2,3,0
1235,20081017,1930,10,12,0,1,0
1236,20081017,1900,40,13,2,0,0
1237,20081017,1800,39,50,1,6,0
1238,20081017,1800,37,48,5,0,0
1239,20081017,1700,34,7,2,1,0
1240,20081017,1600,55,5,1,2,0
1241,20081013,2050,2,40,2,0,0
1242,20081013,2045,11,27,0,0,0
1243,20081013,2045,18,0,0,0,0
1244,20081013,2030,12,41,3,2,0
1245,20081013,2030,14,55,3,1,0
1246,20081013,2030,35,25,0,0,0
1247,20081013,2015,32,47,1,0,0
1248,20081013,2000,6,1,1,3,0
1249,20081013,2000,51,10,1,1,0
1250,20081013,1915,16,3,1,0,0
1251,20081013,1900,42,9,0,3,0
1252,20081013,1815,23,17,3,1,0
1253,20081013,1800,39,5,0,2,0
1254,20081013,1800,31,45,2,4,0
1255,20081013,1700,49,50,0,0,0
1256,20081013,1700,54,26,0,1,0
1257,20081013,1700,48,4,0,6,0
1258,20081013,1620,8,24,2,0,0
1259,20081013,1600,7,53,3,0,0
1260,20081013,1600,13,37,3,1,0
1261,20081013,1500,38,44,7,0,0
1262,20080912,2200,5,50,1,1,0
1263,20080912,2200,1,45,2,0,0
1264,20080912,2100,7,34,3,0,0
1265,20080912,2100,4,13,0,1,0
1266,20080912,2045,25,3,0,1,0
1267,20080912,2045,37,2,1,2,0
1268,20080912,2030,43,53,1,1,0
1269,20080912,2030,33,18,1,0,0
1270,20080912,2005,31,20,2,1,0
1271,20080912,2000,41,51,0,1,0
1272,20080912,2000,6,42,4,0,0
1273,20080912,2000,35,54,1,0,0
1274,20080912,1930,19,26,3,0,0
1275,20080912,1930,10,8,3,0,0
1276,20080912,1900,23,44,3,0,0
1277,20080912,1900,52,48,2,1,0
1278,20080912,1900,21,12,2,2,0
1279,20080912,1830,38,17,2,5,0
1280,20080912,1800,46,32,0,6,0
1281,20080912,1800,27,14,0,0,0
1282,20080912,1700,55,11,2,2,0
1283,20120701,2045,1,2,4,0,2
1284,20120628,2045,0,2,1,2,2
1285,20120627,2045,5,1,0,1,2
1286,20120624,2045,7,2,0,1,2
1287,20120623,2045,1,4,2,0,2
1288,20120622,2045,0,12,4,2,2
1289,20120621,2045,33,5,0,1,2
1290,20120619,2045,7,37,1,0,1
1291,20120619,2045,9,4,2,0,1
1292,20120618,2045,2,18,2,0,1
1293,20120618,2045,32,1,0,1,1
1294,20120617,2045,6,0,1,2,1
1295,20120617,2045,5,3,2,1,1
1296,20120616,2045,12,34,1,0,1
1297,20120616,2045,33,14,1,0,1
1298,20120615,2100,9,7,2,3,1
1299,20120615,1800,37,4,0,2,1
1300,20120614,2045,1,18,4,0,1
1301,20120614,1800,2,32,1,1,1
1302,20120613,2045,3,0,1,2,1
1303,20120613,1800,6,5,2,3,1
1304,20120612,2045,14,34,1,1,1
1305,20120612,1800,12,33,1,2,1
1306,20120611,2045,37,9,2,1,1
1307,20120611,1800,4,7,1,1,1
1308,20120610,2045,18,32,1,3,1
1309,20120610,1800,1,2,1,1,1
1310,20120609,2045,0,5,1,0,1
1311,20120609,1800,3,6,0,1,1
1312,20120608,2045,34,33,4,1,1
1313,20120608,1800,14,12,1,1,1
1314,20121115,2200,5,41,6,2,0
1315,20121115,2045,18,53,1,1,0
1316,20121115,2015,56,33,0,1,0
1317,20121115,2005,32,10,0,0,0
1318,20121111,2045,53,18,0,4,0
1319,20121111,2015,33,56,2,0,0
1320,20121111,2005,10,32,0,3,0
1321,20121111,2000,41,5,0,0,0
1322,20121011,2100,4,41,1,1,0
1323,20121011,2045,2,20,3,0,0
1324,20121011,2045,52,33,1,4,0
1325,20121011,2045,35,50,1,0,0
1326,20121011,2045,1,13,3,1,0
1327,20121011,2015,6,5,2,1,0
1328,20121011,2015,21,23,3,1,0
1329,20121011,2015,9,3,3,2,0
1330,20121011,2015,15,56,2,0,0
1331,20121011,2005,19,17,0,1,0
1332,20121011,2000,25,16,1,1,0
1333,20121011,2000,8,27,0,0,0
1334,20121011,2000,51,44,4,0,0
1335,20121011,1945,18,49,2,1,0
1336,20121011,1945,43,38,1,1,0
1337,20121011,1945,34,46,6,0,0
1338,20121011,1900,0,11,3,1,0
1339,20121011,1900,40,12,1,2,0
1340,20121011,1900,32,45,2,0,0
1341,20121011,1900,24,47,0,2,0
1342,20121011,1900,10,39,1,0,0
1343,20121011,1800,55,22,0,0,0
1344,20121008,1930,42,13,0,1,0
1345,20121007,2200,5,31,5,3,0
1346,20121007,2130,46,18,0,2,0
1347,20121007,2100,4,25,3,0,0
1348,20121007,2100,56,7,2,2,0
1349,20121007,2045,11,55,4,1,0
1350,20121007,2045,12,32,2,0,0
1351,20121007,2045,20,53,1,2,0
1352,20121007,2045,50,2,1,1,0
1353,20121007,2045,33,1,0,2,0
1354,20121007,2045,17,15,2,0,0
1355,20121007,2030,23,6,1,4,0
1356,20121007,2030,3,51,1,0,0
1357,20121007,2030,16,54,2,2,0
1358,20121007,2030,10,0,1,3,0
1359,20121007,2015,38,34,0,1,0
1360,20121007,2000,41,26,5,0,0
1361,20121007,1900,45,24,2,0,0
1362,20121007,1815,27,9,1,2,0
1363,20121007,1800,39,22,1,4,0
1364,20121007,1700,49,43,4,1,0
1365,20120906,2200,1,42,6,0,0
1366,20120906,2100,13,52,1,0,0
1367,20120906,2045,7,17,1,0,0
1368,20120906,2045,31,23,1,0,0
1369,20120906,2045,2,35,1,0,0
1370,20120906,2030,53,20,4,1,0
1371,20120906,2030,45,12,1,1,0
1372,20120906,2030,24,40,1,1,0
1373,20120906,2030,22,10,0,0,0
1374,20120906,2030,16,4,0,0,0
1375,20120906,2030,44,9,0,5,0
1376,20120906,2030,50,48,3,1,0
1377,20120906,2030,15,19,3,1,0
1378,20120906,2015,41,54,1,0,0
1379,20120906,2015,6,21,2,0,0
1380,20120906,2015,26,25,2,1,0
1381,20120906,2015,38,49,0,4,0
1382,20120906,2000,32,47,3,1,0
1383,20120906,2000,43,46,1,0,0
1384,20120906,1945,51,8,0,2,0
1385,20120906,1900,27,3,0,2,0
1386,20120906,1700,39,55,3,2,0
1387,20120906,1700,34,18,0,0,0
1388,20120903,1600,13,33,2,2,0
1389,20120902,2100,25,4,1,2,0
1390,20120902,2045,23,5,0,4,0
1391,20120902,2045,0,22,6,2,0
1392,20120902,2045,48,2,0,1,0
1393,20120902,2045,18,38,0,0,0
1394,20120902,2045,20,50,0,1,0
1395,20120902,2045,35,53,1,2,0
1396,20120902,2045,17,56,2,1,0
1397,20120902,2030,3,44,11,0,0
1398,20120902,2015,19,7,0,3,0
1399,20120902,2000,21,31,1,0,0
1400,20120902,1945,8,9,2,1,0
1401,20120902,1930,54,41,0,2,0
1402,20120902,1930,26,16,0,2,0
1403,20120902,1900,40,45,0,1,0
1404,20120902,1900,24,32,1,3,0
1405,20120902,1900,10,55,2,1,0
1406,20120902,1800,46,49,0,3,0
1407,20120902,1800,39,11,1,1,0
1408,20120902,1800,34,43,1,0,0
1409,20120902,1730,27,51,4,1,0
1410,20120902,1700,52,42,0,0,0
1411,20120902,1505,47,12,0,1,0
1412,20160710,2100,5,4,1,0,2
1413,20160707,2100,0,4,0,2,2
1414,20160706,2100,5,17,2,0,2
1415,20160703,2100,4,31,5,2,2
1416,20160702,2100,0,2,2,1,2
1417,20160701,2100,17,11,3,1,2
1418,20160630,2100,14,5,1,2,2
1419,20160627,2100,7,31,1,2,2
1420,20160627,1800,2,1,2,0,2
1421,20160626,2100,8,11,0,4,2
1422,20160626,1800,0,38,3,0,2
1423,20160626,1500,4,18,2,1,2
1424,20160625,2100,32,5,0,1,2
1425,20160625,1800,17,20,1,0,2
1426,20160625,1500,15,14,1,2,2
1427,20160622,2100,2,18,0,1,1
1428,20160622,2100,9,11,0,1,1
1429,20160622,1800,8,5,3,3,1
1430,20160622,1800,31,22,2,1,1
1431,20160621,2100,32,1,2,1,1
1432,20160621,2100,33,10,0,2,1
1433,20160621,1800,20,0,0,1,1
1434,20160621,1800,37,14,0,1,1
1435,20160620,2100,34,17,0,3,1
1436,20160620,2100,38,7,0,0,1
1437,20160619,2100,16,25,0,1,1
1438,20160619,2100,15,4,0,0,1
1439,20160618,2100,5,22,0,0,1
1440,20160618,1800,31,8,1,1,1
1441,20160618,1500,11,18,3,0,1
1442,20160617,2100,1,10,3,0,1
1443,20160617,1800,33,32,2,2,1
1444,20160617,1500,2,9,1,0,1
1445,20160616,2100,0,14,0,0,1
1446,20160616,1800,37,20,0,2,1
1447,20160616,1500,7,17,2,1,1
1448,20160615,2100,4,25,2,0,1
1449,20160615,1800,16,15,1,1,1
1450,20160615,1500,34,38,1,2,1
1451,20160614,2100,5,31,1,1,1
1452,20160614,1800,22,8,0,2,1
1453,20160613,2100,11,2,0,2,1
1454,20160613,1800,18,9,1,1,1
1455,20160613,1500,1,33,1,0,1
1456,20160612,2100,0,37,2,0,1
1457,20160612,1800,14,20,1,0,1
1458,20160612,1500,10,32,0,1,1
1459,20160611,2100,7,34,1,1,1
1460,20160611,1800,17,38,2,1,1
1461,20160611,1500,25,15,0,1,1
1462,20160610,2100,4,16,2,1,1
1463,20161117,2045,6,9,2,2,0
1464,20161117,2045,35,37,1,1,0
1465,20161116,2045,18,41,2,0,0
1466,20161115,2045,8,21,2,1,0
1467,20161114,2045,9,6,2,1,0
1468,20161114,1800,37,35,2,0,0
1469,20161113,2045,41,18,1,1,0
1470,20161112,2045,21,8,0,1,0
1471,20161013,2045,11,47,3,1,0
1472,20161013,2045,19,39,2,0,0
1473,20161013,2045,23,41,2,3,0
1474,20161013,2045,2,21,2,1,0
1475,20161013,2045,45,55,0,1,0
1476,20161013,2045,24,32,0,1,0
1477,20161013,2045,3,33,2,3,0
1478,20161013,2045,10,31,1,0,0
1479,20161013,2045,17,46,2,0,0
1480,20161012,2045,54,43,0,0,0
1481,20161012,2045,53,15,0,1,0
1482,20161012,2045,52,7,0,3,0
1483,20161012,2045,26,38,2,4,0
1484,20161012,2045,37,1,0,1,0
1485,20161012,2045,44,35,0,2,0
1486,20161012,1800,22,42,3,0,0
1487,20161012,1800,34,56,2,0,0
1488,20161012,1800,9,51,2,0,0
1489,20161011,2045,0,40,2,1,0
1490,20161011,2045,57,13,0,6,0
1491,20161011,2045,14,18,2,1,0
1492,20161011,1800,49,25,0,3,0
1493,20161011,1800,48,16,0,3,0
1494,20161011,1800,27,20,1,1,0
1495,20161011,1800,12,8,4,3,0
1496,20161011,1800,50,5,1,2,0
1497,20161010,2045,46,11,1,4,0
1498,20161010,2045,41,17,2,0,0
1499,20161010,2045,47,23,1,2,0
1500,20161010,2045,32,19,3,0,0
1501,20161010,2045,33,10,0,2,0
1502,20161010,1800,39,2,1,3,0
1503,20161010,1800,31,45,2,2,0
1504,20161010,1800,55,3,1,2,0
1505,20161010,1800,21,24,2,0,0
1506,20161009,2045,7,53,2,0,0
1507,20161009,2045,42,9,0,2,0
1508,20161009,2045,51,34,1,2,0
1509,20161009,2045,56,22,2,3,0
1510,20161009,2045,43,37,0,2,0
1511,20161009,2045,35,52,1,1,0
1512,20161009,2045,38,54,0,1,0
1513,20161009,2045,1,26,4,0,0
1514,20161009,2045,15,44,7,0,0
1515,20161008,2045,25,50,0,2,0
1516,20161008,2045,8,48,2,1,0
1517,20161008,2045,18,0,1,0,0
1518,20161008,2045,20,12,3,1,0
1519,20161008,2045,5,6,1,0,0
1520,20161008,2045,16,27,1,1,0
1521,20161008,2045,13,14,2,2,0
1522,20161008,1800,40,57,4,0,0
1523,20200711,2100,2,7,2,1,2
1524,20200707,2100,7,6,2,1,2
1525,20200706,2100,2,1,2,1,2
1526,20200703,2100,37,7,0,4,2
1527,20200703,1800,33,6,1,2,2
1528,20200702,2100,11,2,1,2,2
1529,20200702,1800,15,1,1,2,2
1530,20200629,2100,9,37,1,2,2
1531,20200629,1800,7,0,2,0,2
1532,20200628,2100,4,15,3,4,2
1533,20200628,1800,32,1,3,5,2
1534,20200627,2100,11,5,1,0,2
1535,20200627,1800,3,33,0,2,2
1536,20200626,2100,2,22,2,1,2
1537,20200626,1800,17,6,0,4,2
1538,20200623,2100,0,8,2,2,1
1539,20200623,2100,5,4,2,2,1
1540,20200623,1800,38,1,0,5,1
1541,20200623,1800,9,14,3,2,1
1542,20200622,2100,32,13,3,1,1
1543,20200622,2100,33,7,0,1,1
1544,20200621,2100,27,11,0,2,1
1545,20200621,2100,34,6,1,4,1
1546,20200621,1800,43,3,0,3,1
1547,20200621,1800,37,22,0,1,1
1548,20200620,1800,2,17,1,0,1
1549,20200620,1800,15,10,3,1,1
1550,20200619,2100,1,14,1,1,1
1551,20200619,1800,5,0,2,4,1
1552,20200619,1500,8,4,1,1,1
1553,20200618,2100,7,13,0,0,1
1554,20200618,1800,32,33,1,1,1
1555,20200618,1500,9,38,1,0,1
1556,20200617,2100,3,22,2,0,1
1557,20200617,1800,6,11,1,2,1
1558,20200617,1500,37,43,2,1,1
1559,20200616,2100,2,15,3,0,1
1560,20200616,1800,10,17,0,2,1
1561,20200616,1500,27,34,0,1,1
1562,20200615,2100,4,0,1,0,1
1563,20200615,1800,8,5,0,3,1
1564,20200614,2100,1,9,0,0,1
1565,20200614,1800,14,38,1,2,1
1566,20200614,1500,13,33,0,2,1
1567,20200613,2100,3,37,3,2,1
1568,20200613,1800,22,43,3,1,1
1569,20200613,1500,7,32,1,0,1
1570,20200612,2100,11,34,3,0,1
1571,20200612,1800,6,27,0,1,1
1572,20200612,1500,17,15,1,1,1
1573,20200611,2100,10,2,0,3,1
1574,20201112,2045,8,31,2,1,0
1575,20201112,2045,20,38,1,2,0
1576,20201112,2045,50,13,1,2,0
1577,20201112,1800,40,43,0,1,0
1578,20201008,2045,41,20,1,2,0
1579,20201008,2045,19,8,1,3,0
1580,20201008,2045,31,16,2,1,0
1581,20201008,2045,43,58,2,1,0
1582,20201008,2045,21,50,1,2,0
1583,20201008,2045,13,47,1,0,0
1584,20201008,2045,38,18,1,0,0
1585,20201008,1800,40,54,1,0,0
1586,20201119,2045,11,23,6,1,0
1587,20201119,2045,0,20,6,1,0
1588,20201119,2045,45,22,1,0,0
1589,20201119,2045,3,53,5,0,0
1590,20201119,2045,43,47,1,0,0
1591,20201119,2045,14,35,3,2,0
1592,20201119,2045,44,34,0,5,0
1593,20201119,2045,13,55,3,1,0
1594,20201119,2045,38,39,2,0,0
1595,20201119,2045,17,8,2,0,0
1596,20201118,2045,57,15,1,6,0
1597,20201118,2045,12,27,2,1,0
1598,20201118,2045,18,6,1,1,0
1599,20201118,2045,2,49,9,1,0
1600,20201118,2045,42,41,0,3,0
1601,20201118,2045,24,21,1,2,0
1602,20201118,2045,1,16,5,0,0
1603,20201118,2045,9,48,3,0,0
1604,20201117,2045,25,4,0,2,0
1605,20201117,2045,46,10,0,2,0
1606,20201117,2045,51,31,1,2,0
1607,20201117,1800,19,33,1,0,0
1608,20201117,1800,58,7,0,4,0
1609,20201117,1500,26,5,0,2,0
1610,20201117,1500,50,37,2,2,0
1611,20201116,2045,0,54,4,0,0
1612,20201116,2045,47,14,1,2,0
1613,20201116,2045,32,38,3,1,0
1614,20201116,2045,20,3,0,0,0
1615,20201116,2045,22,43,2,1,0
1616,20201116,1800,39,17,0,2,0
1617,20201116,1800,34,11,1,4,0
1618,20201116,1800,44,55,1,3,0
1619,20201116,1800,35,45,1,0,0
1620,20201116,1500,23,13,1,2,0
1621,20201115,2045,41,2,0,3,0
1622,20201115,2045,6,57,6,0,0
1623,20201115,2045,16,9,0,2,0
1624,20201115,2045,1,24,7,0,0
1625,20201115,2045,15,40,1,0,0
1626,20201115,1800,49,12,0,1,0
1627,20201115,1800,27,42,3,0,0
1628,20201115,1800,21,48,4,0,0
1629,20201114,2045,25,46,2,2,0
1630,20201114,2045,7,56,7,0,0
1631,20201114,2045,4,51,2,1,0
1632,20201114,2045,5,52,6,0,0
1633,20201114,2045,50,26,3,2,0
1634,20201114,2045,33,58,2,1,0
1635,20201114,1800,10,31,0,0,0
1636,20240620,2100,1,2,1,0,1
1637,20240620,1800,6,7,1,1,1
1638,20240620,1500,35,50,1,1,1
1639,20240619,2100,13,15,1,1,1
1640,20240619,1800,0,8,2,0,1
1641,20240619,1500,32,25,2,2,1
1642,20240618,2100,5,33,2,1,1
1643,20240618,1800,10,40,3,1,1
1644,20240617,2100,22,4,0,1,1
1645,20240617,1800,11,38,0,1,1
1646,20240617,1500,16,37,3,0,1
1647,20240616,2100,50,7,0,1,1
1648,20240616,1800,35,6,1,1,1
1649,20240616,1500,14,3,1,2,1
1650,20240615,2100,2,25,2,1,1
1651,20240615,1800,1,32,3,0,1
1652,20240615,1500,8,15,1,3,1
1653,20240614,2100,0,13,5,1,1
1654,20240326,2045,37,31,2,1,0
1655,20240326,2045,17,14,0,1,0
1656,20240326,1800,40,12,1,0,0
1657,20240321,2045,41,37,1,2,0
1658,20240321,2045,12,55,5,0,0
1659,20240321,2045,47,31,1,4,0
1660,20240321,2045,14,53,5,1,0
1661,20240321,2045,17,27,4,1,0
1662,20240321,1800,40,26,2,0,0
1747,20240622,2100,11,16,2,0,1
1748,20240622,1800,10,5,0,3,1
1749,20240622,1500,40,33,1,1,1
1750,20240621,2100,3,4,0,0,1
1751,20240621,1800,14,22,1,3,1
1752,20240621,1500,38,37,1,2,1
